accept, [əkˈsɛpt], принимать
allow, [əˈlaʊ], позволять
ask, [æsk], спрашивать
believe, [bɪˈliv], верить
borrow, [ˈbɑroʊ], брать взаймы
break, [breɪk], ломать
bring, [brɪŋ], приносить
buy, [baɪ], покупать
call, [kɔl], звонить
cancel, [ˈkænsəl], отменять
change, [tʃeɪndʒ], менять
clean, [klin], чистить
comb, [koʊm], расчесывать
complain, [kəmˈpleɪn], жаловаться
cough, [kɔf], кашлять
count, [kaʊnt], считать
cut, [kʌt], резать
dance, [dæns], танцевать
draw, [drɔ], рисовать
drink, [drɪŋk], пить
drive, [draɪv], водить
eat, [it], есть
explain, [ɪksˈpleɪn], объяснять
fall, [fɔl], падать
fill, [fɪl], наполнять
find, [faɪnd], находить
finish, [ˈfɪnɪʃ], заканчивать
fit, [fɪt], подходить
fix, [fɪks], чинить
fly, [flaɪ], летать
forget, [fərˈɡɛt], забывать
give, [ɡɪv], давать
go, [ɡoʊ], идти
have, [hæv], иметь
hear, [hɪr], слышать
hurt, [hɜrt], причинять боль
know, [noʊ], знать
learn, [lɜrn], учить
leave, [liv], покидать
listen, [ˈlɪsn], слушать
live, [laɪv], жить
look, [lʊk], смотреть
lose, [luz], терять
make, [meɪk], делать
need, [nid], нуждаться
open, [ˈoʊpən], открывать
close, [kloʊz], закрывать
organize, [ˈɔrɡəˌnaɪz], организовывать
pay, [peɪ], платить
play, [pleɪ], играть
put, [pʊt], класть
rain, [reɪn], идти (о дожде)
read, [rɛd], читать
reply, [rɪˈplaɪ], отвечать
run, [rʌn], бежать
say, [seɪ], говорить
see, [si], видеть
sell, [sɛl], продавать
send, [sɛnd], отправлять
sign, [saɪn], подписывать
sing, [sɪŋ], петь
sit, [sɪt], сидеть
sleep, [slip], спать
smoke, [smoʊk], курить
speak, [spik], говорить
spend, [spɛnd], тратить
stand, [stænd], стоять
start, [stɑrt], начинать
study, [ˈstʌdi], учиться
succeed, [səkˈsid], преуспевать
swim, [swɪm], плавать
take, [teɪk], брать
talk, [tɔk], разговаривать
teach, [titʃ], учить
tell, [tɛl], рассказывать
think, [θɪŋk], думать
translate, [trænsˈleɪt], переводить
travel, [ˈtrævəl], путешествовать
try, [traɪ], пытаться
turn, [tɜrn], поворачивать
type, [taɪp], печатать
understand, [ˌʌndərˈstænd], понимать
use, [jus], использовать
wait, [weɪt], ждать
wake, [weɪk], просыпаться
walk, [wɔk], ходить
want, [wɔnt], хотеть
watch, [wɑtʃ], смотреть
work, [wɜrk], работать
worry, [ˈwɜri], беспокоиться
write, [raɪt], писать
call, [kɔl], звонить
cancel, [ˈkænsəl], отменять
change, [tʃeɪndʒ], менять
clean, [klin], чистить
comb, [koʊm], расчесывать
complain, [kəmˈpleɪn], жаловаться
cough, [kɔf], кашлять
count, [kaʊnt], считать
cut, [kʌt], резать
dance, [dæns], танцевать
draw, [drɔ], рисовать
drink, [drɪŋk], пить
drive, [draɪv], водить
eat, [it], есть
explain, [ɪksˈpleɪn], объяснять
fall, [fɔl], падать
fill, [fɪl], наполнять
find, [faɪnd], находить
finish, [ˈfɪnɪʃ], заканчивать
fit, [fɪt], подходить
fix, [fɪks], чинить
fly, [flaɪ], летать
forget, [fərˈɡɛt], забывать
give, [ɡɪv], давать
go, [ɡoʊ], идти
have, [hæv], иметь
hear, [hɪr], слышать
hurt, [hɜrt], причинять боль
know, [noʊ], знать
learn, [lɜrn], учить
leave, [liv], покидать
listen, [ˈlɪsn], слушать
live, [laɪv], жить
look, [lʊk], смотреть
lose, [luz], терять
make, [meɪk], делать
need, [nid], нуждаться
open, [ˈoʊpən], открывать
close, [kloʊz], закрывать
organize, [ˈɔrɡəˌnaɪz], организовывать
pay, [peɪ], платить
play, [pleɪ], играть
put, [pʊt], класть
rain, [reɪn], идти (о дожде)
read, [rɛd], читать
reply, [rɪˈplaɪ], отвечать
run, [rʌn], бежать
say, [seɪ], говорить
see, [si], видеть
sell, [sɛl], продавать
send, [sɛnd], отправлять
sign, [saɪn], подписывать
sing, [sɪŋ], петь
sit, [sɪt], сидеть
sleep, [slip], спать
smoke, [smoʊk], курить
speak, [spik], говорить
spend, [spɛnd], тратить
stand, [stænd], стоять
start, [stɑrt], начинать
study, [ˈstʌdi], учиться
succeed, [səkˈsid], преуспевать
swim, [swɪm], плавать
take, [teɪk], брать
talk, [tɔk], разговаривать
teach, [titʃ], учить
tell, [tɛl], рассказывать
think, [θɪŋk], думать
translate, [trænsˈleɪt], переводить
travel, [ˈtrævəl], путешествовать
try, [traɪ], пытаться
turn, [tɜrn], поворачивать
type, [taɪp], печатать
understand, [ˌʌndərˈstænd], понимать
use, [jus], использовать
wait, [weɪt], ждать
wake, [weɪk], просыпаться
walk, [wɔk], ходить
want, [wɔnt], хотеть
watch, [wɑtʃ], смотреть
work, [wɜrk], работать
worry, [ˈwɜri], беспокоиться
add, [æd], добавлять
admire, [ədˈmaɪər], восхищаться
admit, [ədˈmɪt], признавать
advise, [ədˈvaɪz], советовать
afford, [əˈfɔrd], позволять себе
agree, [əˈɡri], соглашаться
alert, [əˈlɜrt], предупреждать
amuse, [əˈmjuːz], развлекать
analyze, [ˈænəˌlaɪz], анализировать
announce, [əˈnaʊns], объявлять
annoy, [əˈnɔɪ], раздражать
apologize, [əˈpɒləˌdʒaɪz], извиняться
appear, [əˈpɪr], появляться
applaud, [əˈplɔd], аплодировать
appreciate, [əˈpriʃieɪt], ценить
approve, [əˈpruːv], одобрять
argue, [ˈɑrgjuː], спорить
arise, [əˈraɪz], возникать
arrange, [əˈreɪndʒ], организовывать
arrest, [əˈrɛst], арестовывать
arrive, [əˈraɪv], прибывать
ask, [æsk], спрашивать
assemble, [əˈsɛmbl], собирать
assist, [əˈsɪst], помогать
attach, [əˈtætʃ], прикреплять
attack, [əˈtæk], атаковать
attempt, [əˈtɛmpt], пытаться
attend, [əˈtɛnd], посещать
attract, [əˈtrækt], привлекать
avoid, [əˈvɔɪd], избегать
bake, [beɪk], печь
balance, [ˈbæləns], балансировать
ban, [bæn], запрещать
bang, [bæŋ], ударять
bare, [bɛər], обнажать
bat, [bæt], бить
battle, [ˈbætl], сражаться
beam, [bim], излучать
beg, [bɛɡ], умолять
begin, [bɪˈɡɪn], начинать
behave, [bɪˈheɪv], вести себя
believe, [bɪˈliːv], верить
belong, [bɪˈlɔŋ], принадлежать
bend, [bɛnd], сгибать
bet, [bɛt], спорить
bind, [baɪnd], связывать
bite, [baɪt], кусать
bleed, [bliːd], кровоточить
bless, [blɛs], благословлять
blind, [blaɪnd], ослеплять
blink, [blɪŋk], мигать
blush, [blʌʃ], краснеть
boil, [bɔɪl], кипятить
bolt, [boʊlt], запирать
bomb, [bɑm], бомбить
book, [bʊk], бронировать
bore, [bɔr], надоедать
borrow, [ˈbɑroʊ], брать взаймы
bounce, [baʊns], отскакивать
bow, [boʊ], кланяться
box, [bɑks], боксировать
brake, [breɪk], тормозить
branch, [bræntʃ], разветвляться
breathe, [briːð], дышать
bruise, [bruːz], ушибать
brush, [brʌʃ], чистить
bubble, [ˈbʌbəl], пузыриться
bump, [bʌmp], ударять
burn, [bɜrn], гореть
bury, [ˈbɛri], хоронить
buzz, [bʌz], жужжать
calculate, [ˈkælkjʊˌleɪt], вычислять
call, [kɔl], звонить
camp, [kæmp], разбивать лагерь
care, [kɛr], заботиться
carry, [ˈkæri], нести
carve, [kɑrv], вырезать
cause, [kɔz], причинять
challenge, [ˈʧælɪndʒ], вызывать
change, [ʧeɪndʒ], менять
charge, [ʧɑrdʒ], заряжать
chase, [ʧeɪs], преследовать
check, [ʧɛk], проверять
cheer, [ʧɪr], подбадривать
chew, [ʧuː], жевать
choke, [ʧoʊk], задыхаться
chop, [ʧɑp], рубить
claim, [kleɪm], утверждать
clap, [klæp], хлопать
clean, [klin], чистить
clear, [klɪr], очищать
clip, [klɪp], обрезать
close, [kloʊz], закрывать
coach, [koʊʧ], тренировать
coil, [koɪl], свертывать
collect, [kəˈlɛkt], собирать
colour, [ˈkʌlər], красить
comb, [koʊm], расчесывать
come, [kʌm], приходить
command, [kəˈmænd], командовать
communicate, [kəˈmjunɪˌkeɪt], общаться
compare, [kəmˈpɛr], сравнивать
compete, [kəmˈpiːt], соревноваться
complain, [kəmˈpleɪn], жаловаться
complete, [kəmˈpliːt], завершать
concentrate, [ˈkɒnsntreɪt], концентрироваться
concern, [kənˈsɜrn], беспокоить
confess, [kənˈfɛs], признаваться
confuse, [kənˈfjuːz], путать
connect, [kəˈnɛkt], соединять
consider, [kənˈsɪdər], рассматривать
consist, [kənˈsɪst], состоять
contain, [kənˈteɪn], содержать
continue, [kənˈtɪnjuː], продолжать
cook, [kʊk], готовить
copy, [ˈkɒpi], копировать
correct, [kəˈrɛkt], исправлять
cough, [kɒf], кашлять
count, [kaʊnt], считать
cover, [ˈkʌvər], покрывать
crack, [kræk], трескаться
crash, [kræʃ], разбиваться
crawl, [krɔl], ползать
cross, [krɔs], пересекать
crush, [krʌʃ], давить
cry, [kraɪ], плакать
cure, [kjʊr], лечить
curl, [kɜrl], завивать
cut, [kʌt], резать
cycle, [ˈsaɪkl], ездить на велосипеде
dam, [dæm], запруживать
damage, [ˈdæmɪʤ], повреждать
dance, [dæns], танцевать
dare, [dɛr], осмеливаться
deal, [dil], иметь дело
decay, [dɪˈkeɪ], разрушаться
deceive, [dɪˈsiv], обманывать
decide, [dɪˈsaɪd], решать
decorate, [ˈdɛkəˌreɪt], украшать
delay, [dɪˈleɪ], задерживать
delight, [dɪˈlaɪt], восхищать
deliver, [dɪˈlɪvər], доставлять
depend, [dɪˈpɛnd], зависеть
describe, [dɪˈskraɪb], описывать
desert, [ˈdɛzərt], покидать
deserve, [dɪˈzɜrv], заслуживать
destroy, [dɪˈstrɔɪ], разрушать
detect, [dɪˈtɛkt], обнаруживать
develop, [dɪˈvɛləp], развивать
disagree, [dɪsəˈɡri], не соглашаться
disappear, [ˌdɪsəˈpɪr], исчезать
discover, [dɪˈskʌvər], обнаруживать
dislike, [dɪsˈlaɪk], не любить
divide, [dɪˈvaɪd], делить
do, [duː], делать
double, [ˈdʌbl], удваивать
doubt, [daʊt], сомневаться
drag, [dræɡ], тащить
drain, [dreɪn], сливать
dream, [driːm], мечтать
dress, [drɛs], одеваться
drip, [drɪp], капать
drop, [drɒp], падать
drown, [draʊn], тонуть
drum, [drʌm], барабанить
dry, [draɪ], сушить
dust, [dʌst], пылить
earn, [ɜrn], зарабатывать
educate, [ˈɛʤʊkeɪt], обучать
embarrass, [ɪmˈbærəs], смущать
employ, [ɪmˈplɔɪ], нанимать
empty, [ˈɛmpti], опустошать
encourage, [ɪnˈkʌrɪʤ], поощрять
end, [ɛnd], заканчивать
enjoy, [ɪnˈdʒɔɪ], наслаждаться
enter, [ˈɛntər], входить
entertain, [ˌɛntərˈteɪn], развлекать
escape, [ɪsˈkeɪp], избегать
examine, [ɪɡˈzæmɪn], исследовать
excite, [ɪkˈsaɪt], возбуждать
excuse, [ɪkˈskjuːz], извинять
exercise, [ˈɛksərsaɪz], заниматься физическими упражнениями
exist, [ɪɡˈzɪst], существовать
expand, [ɪksˈpænd], расширяться
expect, [ɪkˈspɛkt], ожидать
explain, [ɪksˈpleɪn], объяснять
explode, [ɪkˈsphloʊd], взрывать
extend, [ɪkˈstɛnd], продлевать
face, [feɪs], сталкиваться
fade, [feɪd], увядать
fail, [feɪl], не удаваться
fancy, [ˈfænsi], представлять
fasten, [ˈfæsn], застегивать
fax, [fæks], факсировать
fear, [fɪr], бояться
fence, [fɛns], огораживать
fetch, [fɛʧ], приносить
file, [faɪl], подавать (документ)
fill, [fɪl], наполнять
film, [fɪlm], снимать (фильм)
find, [faɪnd], находить
fire, [faɪər], стрелять
fit, [fɪt], подходить
fix, [fɪks], чинить
flap, [flæp], размахивать
flash, [flæʃ], сверкать
float, [floʊt], плыть
flood, [flʌd], затапливать
flow, [floʊ], течь
flower, [ˈflaʊər], цвести
fold, [foʊld], складывать
follow, [ˈfɑloʊ], следовать
fool, [ful], дурачить
force, [fɔrs], заставлять
form, [fɔrm], формировать
found, [faʊnd], основывать
frame, [freɪm], оформлять
frighten, [ˈfraɪtn], пугать
fry, [fraɪ], жарить
gather, [ˈɡæðər], собирать
gaze, [ɡeɪz], уставиться
generate, [ˈʤɛnəˌreɪt], генерировать
get, [ɡɛt], получать
give, [ɡɪv], давать
glow, [ɡloʊ], светиться
glue, [ɡlu], клеить
grab, [ɡræb], хватать
grate, [ɡreɪt], тереть
grease, [ɡris], смазывать
greet, [ɡrit], приветствовать
grin, [ɡrɪn], ухмыляться
grip, [ɡrɪp], сжимать
groan, [ɡroʊn], стонать
guarantee, [ˌɡærənˈti], гарантировать
guard, [ɡɑrd], охранять
guess, [ɡɛs], угадывать
guide, [ɡaɪd], направлять
hammer, [ˈhæmər], молотить
hand, [hænd], передавать
handle, [ˈhændl], обращаться
hang, [hæŋ], вешать
happen, [ˈhæpən], случаться
harass, [həˈræs], преследовать
harm, [hɑrm], вредить
hate, [heɪt], ненавидеть
haunt, [hɔnt], преследовать
head, [hɛd], направлять
heal, [hil], заживать
heap, [hip], куча
hear, [hɪr], слышать
heat, [hit], нагревать
help, [hɛlp], помогать
hide, [haɪd], прятать
hit, [hɪt], бить
hold, [hoʊld], держать
hook, [hʊk], зацеплять
hop, [hɑp], прыгать
hope, [hoʊp], надеяться
hover, [ˈhʌvər], зависать
hug, [hʌɡ], обнимать
hum, [hʌm], напевать
hunt, [hʌnt], охотиться
hurry, [ˈhɜri], торопиться
hurt, [hɜrt], причинять боль
hypothesize, [haɪˈpɑθəˌsaɪz], предполагать
identify, [aɪˈdɛntəˌfaɪ], определять
ignore, [ɪɡˈnɔr], игнорировать
illustrate, [ˈɪləˌstreɪt], иллюстрировать
imagine, [ɪˈmæʤɪn], представлять
impact, [ˈɪmpækt], влиять
implement, [ˈɪmpləˌmɛnt], выполнять
imply, [ɪmˈplaɪ], подразумевать
import, [ˈɪmpɔrt], импортировать
impress, [ɪmˈprɛs], впечатлять
improve, [ɪmˈpruv], улучшать
include, [ɪnˈkluːd], включать
increase, [ɪnˈkriːs], увеличивать
indicate, [ˈɪndɪˌkeɪt], указывать
induce, [ɪnˈdus], вызывать
influence, [ˈɪnfluəns], влиять
inform, [ɪnˈfɔrm], информировать
initiate, [ɪˈnɪʃieɪt], начинать
inject, [ɪnˈʤɛkt], вводить
injure, [ˈɪndʒər], травмировать
inquire, [ɪnˈkwaɪər], узнавать
inspect, [ɪnˈspɛkt], проверять
inspire, [ɪnˈspaɪər], вдохновлять
install, [ɪnˈstɔːl], устанавливать
instruct, [ɪnˈstrʌkt], инструктировать
insult, [ɪnˈsʌlt], оскорблять
intend, [ɪnˈtɛnd], намереваться
interact, [ɪnˈtɜrækt], взаимодействовать
interfere, [ɪntərˈfɪr], вмешиваться
interlock, [ˌɪntərˈlɑːk], защелкивать
interrupt, [ˌɪntəˈrʌpt], прерывать
interview, [ˈɪntərˌvjuː], интервьюировать
introduce, [ˌɪntrəˈduːs], представлять
invent, [ɪnˈvɛnt], изобретать
invite, [ɪnˈvaɪt], приглашать
irritate, [ˈɪrɪˌteɪt], раздражать
itch, [ɪʧ], чесать
jail, [ʤeɪl], заключать в тюрьму
jam, [ʤæm], застревать
jeopardize, [ˈʤɛpəˌdaɪz], подвергать опасности
joke, [ʤoʊk], шутить
judge, [ʤʌʤ], судить
jump, [ʤʌmp], прыгать
justify, [ˈʤʌstɪˌfaɪ], оправдывать
keep, [kip], держать
kick, [kɪk], пинать
kill, [kɪl], убивать
kiss, [kɪs], целовать
kneel, [niːl], становиться на колени
knit, [nɪt], вязать
knock, [nɑk], стучать
knot, [nɑt], завязывать
label, [ˈleɪbl], маркировать
land, [lænd], приземляться
last, [læst], длиться
laugh, [læf], смеяться
launch, [lɔːntʃ], запускать
lay, [leɪ], класть
lead, [liːd], вести
lean, [lin], наклонять
leap, [liːp], прыгать
learn, [lɜrn], учиться
leave, [liv], уезжать
lecture, [ˈlɛkʧər], лекционировать
lend, [lɛnd], давать взаймы
let, [lɛt], позволять
lick, [lɪk], лизать
lie, [laɪ], лежать
lift, [lɪft], поднимать
light, [laɪt], зажигать
lighten, [ˈlaɪtn], освещать
like, [laɪk], нравиться
list, [lɪst], перечислять
listen, [ˈlɪsn], слушать
live, [laɪv], жить
load, [loʊd], загружать
lock, [lɑk], запирать
long, [lɔŋ], жаждать
look, [lʊk], смотреть
lose, [luz], терять
love, [lʌv], любить
maintain, [meɪnˈteɪn], поддерживать
make, [meɪk], делать
manage, [ˈmænɪʤ], управлять
march, [mɑrtʃ], маршировать
mark, [mɑrk], отмечать
marry, [ˈmæri], жениться
match, [mæʧ], соответствовать
mate, [meɪt], спариваться
matter, [ˈmætər], иметь значение
mean, [min], значить
measure, [ˈmɛʒər], измерять
meet, [mit], встречать
melt, [mɛlt], плавить
mention, [ˈmɛnʃən], упоминать
merge, [mɜrdʒ], сливаться
migrate, [ˈmaɪɡreɪt], мигрировать
milk, [mɪlk], доить
mine, [maɪn], добывать
miss, [mɪs], скучать
mix, [mɪks], смешивать
moan, [moʊn], стонать
mock, [mɑk], насмехаться
moor, [mʊr], швартоваться
motivate, [ˈmoʊtɪˌveɪt], мотивировать
mourn, [mɔrn], сетовать
move, [muv], двигаться
mow, [moʊ], косить
murder, [ˈmɜrdər], убивать
nag, [næɡ], придираться
nail, [neɪl], прибивать
name, [neɪm], называть
nap, [næp], вздремнуть
need, [nid], нуждаться
negotiate, [nɪˈɡoʊʃieɪt], вести переговоры
nest, [nɛst], гнездиться
nod, [nɑd], кивать
nominate, [ˈnɑməˌneɪt], выдвигать
note, [noʊt], отмечать
notice, [ˈnoʊtɪs], замечать
number, [ˈnʌmbər], нумеровать
obey, [oʊˈbeɪ], повиноваться
object, [ˈɒbdʒɪkt], возражать
observe, [əbˈzɜrv], наблюдать
obtain, [əbˈteɪn], получать
occupy, [ˈɒkjəpaɪ], занимать
occur, [əˈkɜr], происходить
offend, [əˈfɛnd], оскорблять
offer, [ˈɒfər], предлагать
officially, [əˈfɪʃəli], официально
offset, [ˌɔfˈsɛt], компенсировать
omit, [oʊˈmɪt], пропускать
open, [ˈoʊpən], открывать
operate, [ˈɒpəˌreɪt], работать
oppose, [əˈpoʊz], противостоять
oppress, [əˈprɛs], угнетать
opt, [ɑpt], выбирать
optimize, [ˈɑptɪˌmaɪz], оптимизировать
order, [ˈɔrdər], заказывать
organize, [ˈɔrɡəˌnaɪz], организовывать
orient, [ˈɔriənt], ориентировать
originate, [əˈrɪʤəˌneɪt], происходить
outline, [ˈaʊtˌlaɪn], очерчивать
overcome, [ˌoʊvərˈkʌm], преодолевать
overflow, [ˌoʊvərˈfloʊ], переполнять
overhang, [ˌoʊvərˈhæŋ], нависать
overlap, [ˌoʊvərˈlæp], перекрывать
overload, [ˌoʊvərˈloʊd], перегружать
overlook, [ˌoʊvərˈlʊk], пропускать
overpower, [ˌoʊvərˈpaʊər], одолевать
override, [ˌoʊvərˈraɪd], переопределять
overshadow, [ˌoʊvərˈʃædoʊ], затмевать
overstep, [ˌoʊvərˈstɛp], нарушать
overtake, [ˌoʊvərˈteɪk], обгонять
overthrow, [ˌoʊvərˈθroʊ], свергать
owe, [oʊ], быть должным
own, [oʊn], владеть
pace, [peɪs], шагать
pack, [pæk], упаковывать
paddle, [ˈpædl], весловать
paint, [peɪnt], красить
pair, [pɛr], парировать
pamper, [ˈpæmpər], баловать
panic, [ˈpænɪk], паниковать
park, [pɑrk], парковать
parrot, [ˈpærət], повторять за кем-то
part, [pɑrt], разделять
participate, [pɑrtɪsɪˌpeɪt], участвовать
pass, [pæs], проходить
paste, [peɪst], вставлять
pat, [pæt], похлопывать
patch, [pæʧ], заделывать
patrol, [pəˈtroʊl], патрулировать
pause, [pɔz], останавливаться
pay, [peɪ], платить
peck, [pɛk], клювать
pedal, [ˈpɛdl], педалировать
peek, [pik], подсматривать
peel, [pil], чистить
peep, [pip], подглядывать
peer, [pɪr], всматриваться
peg, [pɛɡ], прикреплять
pelt, [pɛlt], обстреливать
perceive, [pərˈsiːv], воспринимать
perish, [ˈpɛrɪʃ], погибать
permit, [pərˈmɪt], разрешать
persist, [pərˈsɪst], упорствовать
persuade, [pərˈsweɪd], убеждать
phone, [foʊn], звонить
photograph, [ˈfoʊtəˌɡræf], фотографировать
pick, [pɪk], выбирать
pierce, [pɪrs], пронзать
pile, [paɪl], складывать в кучу
pinch, [pɪntʃ], щипать
pine, [paɪn], тосковать
pinpoint, [ˈpɪnˌpɔɪnt], находить точно
pioneer, [ˌpaɪəˈnɪr], прокладывать дорогу
pipe, [paɪp], труба
pique, [piːk], раздражать
pitch, [pɪtʃ], бросать
plagiarize, [ˈpleɪʤəˌraɪz], плагиатить
plan, [plæn], планировать
plant, [plænt], высаживать
play, [pleɪ], играть
plead, [plid], умолять
please, [pliz], угождать
pledge, [plɛʤ], обещать
plow, [plaʊ], пахать
pluck, [plʌk], выщипывать
plug, [plʌɡ], вставлять
point, [pɔɪnt], указывать
poke, [poʊk], тыкать
polish, [ˈpɑlɪʃ], полировать
ponder, [ˈpɑndər], размышлять
pop, [pɑp], всплывать
possess, [pəˈzɛs], обладать
post, [poʊst], отправлять
pot, [pɑt], горшок
pounce, [paʊns], нападать
pour, [pɔr], наливать
pout, [paʊt], гримасничать
practice, [ˈpræktɪs], практиковаться
praise, [preɪz], хвалить
pray, [preɪ], молиться
preach, [pritʃ], проповедовать
precede, [prɪˈsid], предшествовать
predict, [prɪˈdɪkt], предсказывать
prefer, [prɪˈfɜr], предпочитать
prepare, [prɪˈpɛr], подготавливать
prescribe, [prɪˈskraɪb], назначать
present, [prɪˈzɛnt], представлять
preserve, [prɪˈzɜrv], сохранять
press, [prɛs], нажимать
pretend, [prɪˈtɛnd], притворяться
prevent, [prɪˈvɛnt], предотвращать
print, [prɪnt], печатать
probe, [proʊb], зондировать
proclaim, [proʊˈkleɪm], провозглашать
procrastinate, [proʊˈkræstɪˌneɪt], прокрастинировать
produce, [prəˈdus], производить
profess, [prəˈfɛs], притворяться
profit, [ˈprɒfɪt], извлекать выгоду
program, [ˈproʊˌɡræm], программировать
progress, [ˈproʊɡrɛs], продвигаться
prohibit, [proʊˈhɪbɪt], запрещать
project, [ˈprɒʤɛkt], проецировать
promise, [ˈprɒmɪs], обещать
promote, [prəˈmoʊt], продвигать
prompt, [prɒmpt], подстёгивать
pronounce, [prəˈnaʊns], произносить
propose, [prəˈpoʊz], предлагать
protect, [prəˈtɛkt], защищать
protest, [ˈproʊˌtɛst], протестовать
provide, [prəˈvaɪd], обеспечивать
provoke, [prəˈvoʊk], провоцировать
prune, [prun], обрезать
publish, [ˈpʌblɪʃ], публиковать
puff, [pʌf], дымить
pull, [pʊl], тянуть
pump, [pʌmp], нагнетать
punch, [pʌntʃ], ударять кулаком
puncture, [ˈpʌŋktʃər], прокалывать
punish, [ˈpʌnɪʃ], наказывать
purchase, [ˈpɜrʧəs], покупать
purify, [ˈpjʊrɪˌfaɪ], очищать
push, [pʊʃ], толкать
put, [pʊt], класть
qualify, [ˈkwɑləˌfaɪ], квалифицировать
quantify, [ˈkwɑntəˌfaɪ], количественно оценивать
query, [ˈkwɪəri], запрос
question, [ˈkwɛsʧən], спрашивать
queue, [kjuː], стоять в очереди
quicken, [ˈkwɪkən], ускорять
quiet, [ˈkwaɪət], успокаивать
quit, [kwɪt], бросать
quiz, [kwɪz], допрашивать
quote, [kwoʊt], цитировать
race, [reɪs], соревноваться
rack, [ræk], стеллаж
radiate, [ˈreɪdiˌeɪt], излучать
rain, [reɪn], идти дождем
raise, [reɪz], поднимать
rally, [ˈræli], раллировать
ramble, [ˈræmbl], бродить
range, [reɪndʒ], диапазон
rank, [ræŋk], ранжировать
rape, [reɪp], изнасиловать
rarefy, [ˈrɛrɪˌfaɪ], разреживать
rat, [ræt], доносить
rate, [reɪt], оценивать
reach, [riʧ], достигать
react, [riˈækt], реагировать
read, [riːd], читать
realize, [ˈriəˌlaɪz], осознавать
reap, [rip], жать
rearrange, [ˌriːəˈreɪndʒ], перестраивать
reason, [ˈriːzən], рассуждать
rebel, [ˈrɛbəl], бунтовать
recall, [rɪˈkɔl], вспоминать
receive, [rɪˈsiv], получать
recite, [rɪˈsaɪt], рассказывать
recognize, [ˈrɛkəɡˌnaɪz], узнавать
recommend, [ˌrɛkəˈmɛnd], рекомендовать
reconcile, [ˈrɛkənˌsaɪl], примирять
record, [rɪˈkɔrd], записывать
recoup, [rɪˈkuːp], компенсировать
recover, [rɪˈkʌvər], восстанавливать
recruit, [rɪˈkrut], набирать
rectify, [ˈrɛktəˌfaɪ], исправлять
recycle, [riːˈsaɪkl], перерабатывать
redeem, [rɪˈdim], искупать
redirect, [ˌriːdɪˈrɛkt], перенаправлять
reduce, [rɪˈdus], уменьшать
reel, [riːl], крутить
refer, [rɪˈfɜr], ссылаться
reflect, [rɪˈflɛkt], отражать
reform, [rɪˈfɔrm], реформировать
refuse, [rɪˈfjuz], отказываться
regard, [rɪˈɡɑrd], считать
register, [ˈrɛʤɪstər], регистрировать
regret, [rɪˈɡrɛt], сожалеть
regulate, [ˈrɛɡjəˌleɪt], регулировать
rehabilitate, [riːəˈbɪlɪˌteɪt], реабилитировать
rehearse, [rɪˈhɜrs], репетировать
reign, [reɪn], царить
reiterate, [riːˈɪtəreɪt], повторять
reject, [rɪˈʤɛkt], отвергать
relate, [rɪˈleɪt], относиться
relax, [rɪˈlæks], расслабляться
release, [rɪˈlis], выпускать
relinquish, [rɪˈlɪŋkwɪʃ], отказываться
rely, [rɪˈlaɪ], полагаться
remain, [rɪˈmeɪn], оставаться
remember, [rɪˈmɛmbər], помнить
remind, [rɪˈmaɪnd], напоминать
remove, [rɪˈmuv], удалять
render, [ˈrɛndər], визуализировать
renew, [rɪˈnu], обновлять
renovate, [ˈrɛnəˌveɪt], реконструировать
rent, [rɛnt], арендовать
reorganize, [ˌriːˈɔrɡəˌnaɪz], реорганизовывать
repair, [rɪˈpɛr], ремонтировать
repeat, [rɪˈpit], повторять
repent, [rɪˈpɛnt], раскаиваться
replace, [rɪˈpleɪs], заменять
reply, [rɪˈplaɪ], отвечать
report, [rɪˈpɔrt], сообщать
represent, [ˌrɛprɪˈzɛnt], представлять
reproduce, [ˌriːprəˈduːs], воспроизводить
request, [rɪˈkwɛst], запрашивать
require, [rɪˈkwaɪər], требовать
rescue, [ˈrɛskjuː], спасать
research, [rɪˈsɜrtʃ], исследовать
resemble, [rɪˈzɛmbəl], напоминать
resent, [rɪˈzɛnt], возмущаться
reserve, [rɪˈzɜrv], резервировать
reside, [rɪˈzaɪd], проживать
resign, [rɪˈzaɪn], уходить в отставку
resist, [rɪˈzɪst], сопротивляться
resolve, [rɪˈzɑlv], разрешать
resort, [rɪˈzɔrt], прибегать
resound, [rɪˈzaʊnd], раздаваться громко
respect, [rɪˈspɛkt], уважать
respond, [rɪˈspɒnd], реагировать
rest, [rɛst], отдыхать
restore, [rɪˈstɔr], восстанавливать
restrain, [rɪˈstreɪn], сдерживать
restrict, [rɪˈstrɪkt], ограничивать
retire, [rɪˈtaɪər], выходить на пенсию
retreat, [rɪˈtriːt], отступать
retrieve, [rɪˈtriːv], извлекать
return, [rɪˈtɜrn], возвращаться
reveal, [rɪˈviːl], раскрывать
revenge, [rɪˈvɛndʒ], мстить
reverse, [rɪˈvɜrs], разворачивать
review, [rɪˈvjuː], рецензировать
revise, [rɪˈvaɪz], пересматривать
revive, [rɪˈvaɪv], оживлять
revolutionize, [ˌrɛvəˈluːʃəˌnaɪz], революционизировать
reward, [rɪˈwɔrd], вознаграждать
ride, [raɪd], кататься
ridicule, [ˈrɪdɪˌkjuːl], высмеивать
ring, [rɪŋ], звонить
rip, [rɪp], рвать
rise, [raɪz], подниматься
risk, [rɪsk], рисковать
roam, [roʊm], бродить
roar, [roʊr], рычать
rob, [rɑb], грабить
rock, [rɑk], качать
roll, [roʊl], катить
rot, [rɑt], гнить
rotate, [roʊˈteɪt], вращать
roughen, [ˈrʌfn], крошить
round, [raʊnd], округлять
row, [roʊ], грести
rub, [rʌb], тереть
ruin, [ˈruɪn], разрушать
rule, [rul], править
ruminate, [ˈruməˌneɪt], размышлять
run, [rʌn], бегать
rush, [rʌʃ], мчаться
rust, [rʌst], ржаветь
sabotage, [ˈsæbəˌtɑʒ], саботировать
sacrifice, [ˈsækrəˌfaɪs], жертвовать
sadden, [ˈsædən], огорчать
saddle, [ˈsædəl], седлать
safeguard, [ˈseɪfgɑrd], обеспечивать защиту
sail, [seɪl], плыть
sally, [ˈsæli], бросаться в атаку
salute, [səˈlut], салютовать
sample, [ˈsæmpəl], отбирать образцы
sanitize, [ˈsænəˌtaɪz], дезинфицировать
sap, [sæp], истощать
satiate, [ˈseɪʃiˌeɪt], насыщать
satisfy, [ˈsætɪsˌfaɪ], удовлетворять
saunter, [ˈsɔntər], прогуливаться
save, [seɪv], спасать
savor, [ˈseɪvər], наслаждаться
saw, [sɔ], пилить
say, [seɪ], говорить
scald, [skɔld], ошпаривать
scale, [skeɪl], масштабировать
scamper, [ˈskæmpər], бегать быстро
scan, [skæn], сканировать
scar, [skɑr], шрамить
scare, [skɛr], пугать
scatter, [ˈskætər], разбрасывать
scent, [sɛnt], аромат
schedule, [ˈskɛdʒul], планировать
school, [skul], учить
scoff, [skɔf], насмехаться
scold, [skoʊld], ругать
scoop, [skup], черпать
score, [skɔr], набирать очки
scorn, [skɔrn], презирать
scorch, [skɔrtʃ], обжигать
scorn, [skɔrn], презирать
scramble, [ˈskræmbəl], переполошить
scrape, [skreɪp], скрести
scratch, [skræʧ], царапать
scream, [skrim], кричать
screen, [skrin], экран
screw, [skruː], завинчивать
scribble, [ˈskrɪbəl], нацарапать
scrub, [skrʌb], тереть
sculpt, [skʌlpt], лепить
seal, [siːl], запечатывать
search, [sɜrtʃ], искать
season, [ˈsiːzn], прямить
seat, [sit], сажать
secure, [sɪˈkjʊr], обеспечивать безопасность
see, [siː], видеть
seek, [sik], искать
seem, [sim], казаться
seize, [siz], захватывать
select, [sɪˈlɛkt], выбирать
sell, [sɛl], продавать
send, [sɛnd], отправлять
sense, [sɛns], чувствовать
sentence, [ˈsɛntəns], приговаривать
separate, [ˈsɛpəˌreɪt], отделять
sequence, [ˈsiːkwəns], упорядочивать
serve, [sɜrv], служить
set, [sɛt], устанавливать
settle, [ˈsɛtl], урегулировать
sever, [ˈsɛvər], разрывать
sew, [soʊ], шить
shade, [ʃeɪd], тень
shake, [ʃeɪk], трясти
shame, [ʃeɪm], позорить
shape, [ʃeɪp], формировать
share, [ʃɛr], делиться
sharpen, [ˈʃɑrpən], точить
shatter, [ˈʃætər], разрушать
shave, [ʃeɪv], брить
shear, [ʃɪr], стричь
shed, [ʃɛd], сбрасывать
shelter, [ˈʃɛltər], приют
shift, [ʃɪft], изменять
shine, [ʃaɪn], сиять
ship, [ʃɪp], отправлять
shirk, [ʃɜrk], уклоняться
shiver, [ˈʃɪvər], дрожать
shock, [ʃɑk], шокировать
shoot, [ʃut], стрелять
shop, [ʃɑp], магазин
shore, [ʃɔr], берег
shorten, [ˈʃɔrtn], укорачивать
shoulder, [ˈʃoʊldər], возлагать ответственность
shout, [ʃaʊt], кричать
shove, [ʃʌv], толкать
show, [ʃoʊ], показывать
shrink, [ʃrɪŋk], сокращаться
shrug, [ʃrʌɡ], пожимать плечами
shun, [ʃʌn], избегать
shut, [ʃʌt], закрывать
sicken, [ˈsɪkən], вызывать тошноту
side, [saɪd], поддерживать
sigh, [saɪ], вздыхать
sign, [saɪn], подписывать
signal, [ˈsɪɡnəl], сигнализировать
signify, [ˈsɪɡnɪˌfaɪ], означать
silence, [ˈsaɪləns], замолчать
simplify, [ˈsɪmpləˌfaɪ], упрощать
simulate, [ˈsɪmjəˌleɪt], имитировать
sin, [sɪn], грешить
sing, [sɪŋ], петь
sink, [sɪŋk], тонуть
sip, [sɪp], глотать
sit, [sɪt], сидеть
size, [saɪz], определять размер
skate, [skeɪt], кататься на коньках
sketch, [skɛʧ], набросок
ski, [skiː], кататься на лыжах
skid, [skɪd], заносить
skim, [skɪm], подметать
skip, [skɪp], пропускать
skirt, [skɜrt], обходить
slacken, [ˈslækən], ослабевать
slam, [slæm], хлопать
slap, [slæp], шлепать
slash, [slæʃ], разрубать
sleep, [slip], спать
slice, [slaɪs], нарезать
slide, [slaɪd], скользить
slip, [slɪp], поскользнуться
slit, [slɪt], разрезать
smack, [smæk], хлопать
smart, [smɑrt], умный
smash, [smæʃ], разбивать
smell, [smɛl], пахнуть
smile, [smaɪl], улыбаться
smite, [smaɪt], поражать
smoke, [smoʊk], курить
smooth, [smuːð], разглаживать
smuggle, [ˈsmʌɡəl], провозить контрабанду
snap, [snæp], щелкать
snarl, [snɑrl], рычать
snatch, [snæʧ], вырывать
sneak, [snik], красться
sneeze, [sniz], чихать
sniff, [snɪf], нюхать
snore, [snɔr], храпеть
snow, [snoʊ], идти снегом
snub, [snʌb], не замечать
snuff, [snʌf], подуть
soak, [soʊk], промачивать
soar, [sɔr], взмывать
sob, [sɑb], рыдать
soil, [sɔɪl], загрязнять
solicit, [səˈlɪsɪt], умолять
solve, [sɑlv], решать
soothe, [suːð], успокаивать
sort, [sɔrt], сортировать
sound, [saʊnd], звучать
sow, [soʊ], сеять
span, [spæn], простирается
spark, [spɑrk], искра
sparkle, [ˈspɑrkl], искриться
spawn, [spɔn], порождать
speak, [spik], говорить
specify, [ˈspɛsəˌfaɪ], указывать
speed, [spid], ускорять
spell, [spɛl], произносить по буквам
spend, [spɛnd], тратить
spill, [spɪl], проливать
spin, [spɪn], вертеть
spit, [spɪt], плевать
splash, [splæʃ], брызгать
splice, [splaɪs], склеивать
split, [splɪt], раскалывать
spoil, [spɔɪl], портить
sponsor, [ˈspɒnsər], спонсировать
spook, [spuk], испугать
spot, [spɑt], замечать
spray, [spreɪ], распылять
spread, [sprɛd], распространять
spring, [sprɪŋ], пружина
sprout, [spraʊt], прорастать
spur, [spɜr], побуждать
spy, [spaɪ], шпионить
squeeze, [skwiz], сжимать
stabilize, [ˈsteɪbəˌlaɪz], стабилизировать
stack, [stæk], складывать в стопку
staff, [stæf], обслуживающий персонал
stage, [steɪʤ], стадия
stain, [steɪn], пятно
stalk, [stɔk], преследовать
stall, [stɔl], застопорить
stamp, [stæmp], маркировать
stand, [stænd], стоять
stare, [stɛr], уставиться
start, [stɑrt], начинать
stash, [stæʃ], укрывать
state, [steɪt], утверждать
station, [ˈsteɪʃən], станция
stay, [steɪ], оставаться
steady, [ˈstɛdi], стабилизировать
steal, [stil], красть
steer, [stɪr], управлять
stem, [stɛm], предотвращать
step, [stɛp], шагать
